<linker>
	<assembly fullname="Unity.InputSystem">
		<type fullname="UnityEngine.InputSystem.InputAction" preserve="nothing" serialized="true"/>
		<type fullname="UnityEngine.InputSystem.InputActionMap" preserve="nothing" serialized="true"/>
		<type fullname="UnityEngine.InputSystem.InputActionProperty" preserve="nothing" serialized="true"/>
		<type fullname="UnityEngine.InputSystem.InputBinding" preserve="nothing" serialized="true"/>
		<type fullname="UnityEngine.InputSystem.InputSettings/iOSSettings" preserve="nothing" serialized="true"/>
		<type fullname="UnityEngine.InputSystem.iOS.PrivacyDataUsage" preserve="nothing" serialized="true"/>
	</assembly>
	<assembly fullname="Unity.RenderPipelines.Core.Runtime">
		<type fullname="UnityEngine.Rendering.UI.DebugUIPrefabBundle" preserve="nothing" serialized="true"/>
	</assembly>
	<assembly fullname="Unity.RenderPipelines.Universal.Runtime">
		<type fullname="UnityEngine.Rendering.Universal.PostProcessData/ShaderResources" preserve="nothing" serialized="true"/>
		<type fullname="UnityEngine.Rendering.Universal.PostProcessData/TextureResources" preserve="nothing" serialized="true"/>
		<type fullname="UnityEngine.Rendering.Universal.ScreenSpaceAmbientOcclusionSettings" preserve="nothing" serialized="true"/>
		<type fullname="UnityEngine.Rendering.Universal.ScriptableRendererData/DebugShaderResources" preserve="nothing" serialized="true"/>
		<type fullname="UnityEngine.Rendering.Universal.StencilStateData" preserve="nothing" serialized="true"/>
		<type fullname="UnityEngine.Rendering.Universal.TemporalAA/Settings" preserve="nothing" serialized="true"/>
		<type fullname="UnityEngine.Rendering.Universal.UniversalRendererData/ShaderResources" preserve="nothing" serialized="true"/>
		<type fullname="UnityEngine.Rendering.Universal.UniversalRenderPipelineAsset/TextureResources" preserve="nothing" serialized="true"/>
		<type fullname="UnityEngine.Rendering.Universal.XRSystemData/ShaderResources" preserve="nothing" serialized="true"/>
	</assembly>
	<assembly fullname="Unity.TextMeshPro">
		<type fullname="TMPro.FaceInfo_Legacy" preserve="nothing" serialized="true"/>
		<type fullname="TMPro.FontAssetCreationSettings" preserve="nothing" serialized="true"/>
		<type fullname="TMPro.KerningTable" preserve="nothing" serialized="true"/>
		<type fullname="TMPro.TMP_Character" preserve="nothing" serialized="true"/>
		<type fullname="TMPro.TMP_FontFeatureTable" preserve="nothing" serialized="true"/>
		<type fullname="TMPro.TMP_FontWeightPair" preserve="nothing" serialized="true"/>
		<type fullname="TMPro.TMP_GlyphAdjustmentRecord" preserve="nothing" serialized="true"/>
		<type fullname="TMPro.TMP_GlyphPairAdjustmentRecord" preserve="nothing" serialized="true"/>
		<type fullname="TMPro.TMP_GlyphValueRecord" preserve="nothing" serialized="true"/>
		<type fullname="TMPro.TMP_Sprite" preserve="nothing" serialized="true"/>
		<type fullname="TMPro.TMP_SpriteCharacter" preserve="nothing" serialized="true"/>
		<type fullname="TMPro.TMP_SpriteGlyph" preserve="nothing" serialized="true"/>
		<type fullname="TMPro.TMP_Style" preserve="nothing" serialized="true"/>
	</assembly>
	<assembly fullname="Unity.XR.CoreUtils">
		<type fullname="Unity.XR.CoreUtils.ColorUnityEvent" preserve="nothing" serialized="true"/>
		<type fullname="Unity.XR.CoreUtils.Datums.AnimationCurveDatumProperty" preserve="nothing" serialized="true"/>
	</assembly>
	<assembly fullname="Unity.XR.Interaction.Toolkit">
		<type fullname="UnityEngine.XR.Interaction.Toolkit.ActivateEvent" preserve="nothing" serialized="true"/>
		<type fullname="UnityEngine.XR.Interaction.Toolkit.AffordanceSystem.Theme.AffordanceThemeData`1[UnityEngine.Color]" preserve="nothing" serialized="true"/>
		<type fullname="UnityEngine.XR.Interaction.Toolkit.AffordanceSystem.Theme.Primitives.ColorAffordanceTheme" preserve="nothing" serialized="true"/>
		<type fullname="UnityEngine.XR.Interaction.Toolkit.AffordanceSystem.Theme.Primitives.ColorAffordanceThemeDatumProperty" preserve="nothing" serialized="true"/>
		<type fullname="UnityEngine.XR.Interaction.Toolkit.DeactivateEvent" preserve="nothing" serialized="true"/>
		<type fullname="UnityEngine.XR.Interaction.Toolkit.Feedback.HapticImpulseData" preserve="nothing" serialized="true"/>
		<type fullname="UnityEngine.XR.Interaction.Toolkit.FocusEnterEvent" preserve="nothing" serialized="true"/>
		<type fullname="UnityEngine.XR.Interaction.Toolkit.FocusExitEvent" preserve="nothing" serialized="true"/>
		<type fullname="UnityEngine.XR.Interaction.Toolkit.HoverEnterEvent" preserve="nothing" serialized="true"/>
		<type fullname="UnityEngine.XR.Interaction.Toolkit.HoverExitEvent" preserve="nothing" serialized="true"/>
		<type fullname="UnityEngine.XR.Interaction.Toolkit.Inputs.Haptics.XRInputHapticImpulseProvider" preserve="nothing" serialized="true"/>
		<type fullname="UnityEngine.XR.Interaction.Toolkit.Inputs.Readers.XRInputButtonReader" preserve="nothing" serialized="true"/>
		<type fullname="UnityEngine.XR.Interaction.Toolkit.Inputs.Readers.XRInputValueReader`1[System.Single]" preserve="nothing" serialized="true"/>
		<type fullname="UnityEngine.XR.Interaction.Toolkit.Inputs.Readers.XRInputValueReader`1[UnityEngine.Vector2]" preserve="nothing" serialized="true"/>
		<type fullname="UnityEngine.XR.Interaction.Toolkit.Inputs.Simulation.XRDeviceSimulator/SimulatedHandExpression" preserve="nothing" serialized="true"/>
		<type fullname="UnityEngine.XR.Interaction.Toolkit.InteractionLayerMask" preserve="nothing" serialized="true"/>
		<type fullname="UnityEngine.XR.Interaction.Toolkit.Interactors.Visuals.LineProperties" preserve="nothing" serialized="true"/>
		<type fullname="UnityEngine.XR.Interaction.Toolkit.Interactors.XRInteractionGroup/GroupMemberAndOverridesPair" preserve="nothing" serialized="true"/>
		<type fullname="UnityEngine.XR.Interaction.Toolkit.SelectEnterEvent" preserve="nothing" serialized="true"/>
		<type fullname="UnityEngine.XR.Interaction.Toolkit.SelectExitEvent" preserve="nothing" serialized="true"/>
		<type fullname="UnityEngine.XR.Interaction.Toolkit.UI.UIHoverEnterEvent" preserve="nothing" serialized="true"/>
		<type fullname="UnityEngine.XR.Interaction.Toolkit.UI.UIHoverExitEvent" preserve="nothing" serialized="true"/>
	</assembly>
	<assembly fullname="Unity.XR.Interaction.Toolkit.Samples.DeviceSimulator">
		<type fullname="UnityEngine.XR.Interaction.Toolkit.Samples.DeviceSimulator.XRDeviceSimulatorHandsUI/HandExpressionUI" preserve="nothing" serialized="true"/>
	</assembly>
	<assembly fullname="Unity.XR.OpenXR.Features.MetaQuestSupport">
		<type fullname="UnityEngine.XR.OpenXR.Features.MetaQuestSupport.MetaQuestFeature/TargetDevice" preserve="nothing" serialized="true"/>
	</assembly>
	<assembly fullname="UnityEngine.CoreModule">
		<type fullname="UnityEngine.Events.ArgumentCache" preserve="nothing" serialized="true"/>
		<type fullname="UnityEngine.Events.PersistentCallGroup" preserve="nothing" serialized="true"/>
		<type fullname="UnityEngine.Events.PersistentListenerMode" preserve="nothing" serialized="true"/>
		<type fullname="UnityEngine.Events.UnityEvent`1[UnityEngine.XR.Interaction.Toolkit.Interactors.IXRRayProvider]" preserve="nothing" serialized="true"/>
		<type fullname="UnityEngine.Pose" preserve="nothing" serialized="true"/>
		<type fullname="UnityEngine.RectOffset" preserve="nothing" serialized="true"/>
	</assembly>
	<assembly fullname="UnityEngine.TextCoreFontEngineModule">
		<type fullname="UnityEngine.TextCore.FaceInfo" preserve="nothing" serialized="true"/>
		<type fullname="UnityEngine.TextCore.Glyph" preserve="nothing" serialized="true"/>
		<type fullname="UnityEngine.TextCore.GlyphMetrics" preserve="nothing" serialized="true"/>
		<type fullname="UnityEngine.TextCore.GlyphRect" preserve="nothing" serialized="true"/>
	</assembly>
	<assembly fullname="UnityEngine.UI">
		<type fullname="UnityEngine.EventSystems.EventTrigger/Entry" preserve="nothing" serialized="true"/>
		<type fullname="UnityEngine.EventSystems.EventTrigger/TriggerEvent" preserve="nothing" serialized="true"/>
		<type fullname="UnityEngine.UI.AnimationTriggers" preserve="nothing" serialized="true"/>
		<type fullname="UnityEngine.UI.Button/ButtonClickedEvent" preserve="nothing" serialized="true"/>
		<type fullname="UnityEngine.UI.ColorBlock" preserve="nothing" serialized="true"/>
		<type fullname="UnityEngine.UI.FontData" preserve="nothing" serialized="true"/>
		<type fullname="UnityEngine.UI.MaskableGraphic/CullStateChangedEvent" preserve="nothing" serialized="true"/>
		<type fullname="UnityEngine.UI.Navigation" preserve="nothing" serialized="true"/>
		<type fullname="UnityEngine.UI.Scrollbar/ScrollEvent" preserve="nothing" serialized="true"/>
		<type fullname="UnityEngine.UI.ScrollRect/ScrollRectEvent" preserve="nothing" serialized="true"/>
		<type fullname="UnityEngine.UI.SpriteState" preserve="nothing" serialized="true"/>
		<type fullname="UnityEngine.UI.Toggle/ToggleEvent" preserve="nothing" serialized="true"/>
	</assembly>
</linker>
