<linker>
 <assembly fullname="Unity.RenderPipelines.Universal.Runtime">
  <type fullname="UnityEngine.Rendering.Universal.DecalUpdateCachedSystem.UpdateTransformsJob">
   <method name=".cctor"/>
  </type>
 </assembly>
 <assembly fullname="UnityEngine.CoreModule">
  <type fullname="UnityEngine.Jobs.TransformAccessArray">
   <method name="GetSortedToUserIndex"/>
  </type>
  <type fullname="UnityEngine.Jobs.TransformAccessArray">
   <method name="GetSortedTransformAccess"/>
  </type>
  <type fullname="Unity.Jobs.LowLevel.Unsafe.JobsUtility">
   <method name="GetWorkStealingRange"/>
  </type>
  <type fullname="UnityEngine.Jobs.TransformAccess">
   <method name="GetPosition"/>
  </type>
  <type fullname="UnityEngine.Jobs.TransformAccess">
   <method name="GetRotation"/>
  </type>
  <type fullname="UnityEngine.Jobs.TransformAccess">
   <method name="GetLocalScale"/>
  </type>
  <type fullname="UnityEngine.Jobs.TransformAccess">
   <method name="GetLocalToWorldMatrix"/>
  </type>
  <type fullname="UnityEngine.Quaternion">
   <method name="Inverse_Injected"/>
  </type>
  <type fullname="Unity.Collections.LowLevel.Unsafe.UnsafeUtility">
   <method name="FreeTracked"/>
  </type>
  <type fullname="Unity.Collections.LowLevel.Unsafe.UnsafeUtility">
   <method name="MallocTracked"/>
  </type>
  <type fullname="UnityEngine.Vector3">
   <method name="Slerp_Injected"/>
  </type>
 </assembly>
</linker>
