{"root":[{"assemblyName":"Unity.InputSystem","nameSpace":"UnityEngine.InputSystem","className":"InputSystem","methodName":"RunInitializeInPlayer","loadTypes":4,"isUnityClass":true},{"assemblyName":"Unity.InputSystem","nameSpace":"UnityEngine.InputSystem","className":"InputSystem","methodName":"RunInitialUpdate","loadTypes":1,"isUnityClass":true},{"assemblyName":"Unity.RenderPipelines.Core.Runtime","nameSpace":"UnityEngine.Experimental.Rendering","className":"XRSystem","methodName":"XRSystemInit","loadTypes":3,"isUnityClass":true},{"assemblyName":"Unity.RenderPipelines.Core.Runtime","nameSpace":"UnityEngine.Rendering","className":"DebugUpdater","methodName":"RuntimeInit","loadTypes":0,"isUnityClass":true},{"assemblyName":"Unity.XR.Hands","nameSpace":"UnityEngine.XR.Hands","className":"MetaAimHand","methodName":"RegisterLayout","loadTypes":4,"isUnityClass":true},{"assemblyName":"Unity.XR.Hands","nameSpace":"UnityEngine.XR.Hands","className":"XRHandDevice","methodName":"Initialize","loadTypes":4,"isUnityClass":true},{"assemblyName":"Unity.XR.Hands","nameSpace":"UnityEngine.XR.Hands.OpenXR","className":"OpenXRHandProvider","methodName":"Register","loadTypes":4,"isUnityClass":true},{"assemblyName":"Unity.XR.Hands","nameSpace":"","className":"$BurstDirectCallInitializer","methodName":"Initialize","loadTypes":2,"isUnityClass":true},{"assemblyName":"Unity.XR.Interaction.Toolkit","nameSpace":"UnityEngine.XR.Interaction.Toolkit.Inputs.Simulation","className":"SimulatedInputLayoutLoader","methodName":"Initialize","loadTypes":1,"isUnityClass":true},{"assemblyName":"Unity.XR.Interaction.Toolkit","nameSpace":"UnityEngine.XR.Interaction.Toolkit.Inputs.Simulation","className":"XRDeviceSimulatorLoader","methodName":"Initialize","loadTypes":0,"isUnityClass":true},{"assemblyName":"Unity.XR.Interaction.Toolkit","nameSpace":"UnityEngine.XR.Interaction.Toolkit.Inputs.Simulation.Hands","className":"XRDeviceSimulatorHandsProvider","methodName":"Register","loadTypes":4,"isUnityClass":true},{"assemblyName":"Unity.XR.Interaction.Toolkit","nameSpace":"UnityEngine.XR.Interaction.Toolkit.Inputs.Interactions","className":"SectorInteraction","methodName":"Initialize","loadTypes":1,"isUnityClass":true},{"assemblyName":"Unity.XR.Interaction.Toolkit","nameSpace":"UnityEngine.XR.Interaction.Toolkit.Inputs.Composites","className":"Vector3FallbackComposite","methodName":"Initialize","loadTypes":1,"isUnityClass":true},{"assemblyName":"Unity.XR.Interaction.Toolkit","nameSpace":"UnityEngine.XR.Interaction.Toolkit.Inputs.Composites","className":"QuaternionFallbackComposite","methodName":"Initialize","loadTypes":1,"isUnityClass":true},{"assemblyName":"Unity.XR.Interaction.Toolkit","nameSpace":"UnityEngine.XR.Interaction.Toolkit.Inputs.Composites","className":"IntegerFallbackComposite","methodName":"Initialize","loadTypes":1,"isUnityClass":true},{"assemblyName":"Unity.XR.Interaction.Toolkit","nameSpace":"UnityEngine.XR.Interaction.Toolkit.Inputs.Composites","className":"ButtonFallbackComposite","methodName":"Initialize","loadTypes":1,"isUnityClass":true},{"assemblyName":"Unity.XR.Interaction.Toolkit","nameSpace":"UnityEngine.XR.Interaction.Toolkit.AR.Inputs","className":"TouchscreenGestureInputLayoutLoader","methodName":"Initialize","loadTypes":1,"isUnityClass":true},{"assemblyName":"Unity.XR.Interaction.Toolkit","nameSpace":"","className":"$BurstDirectCallInitializer","methodName":"Initialize","loadTypes":2,"isUnityClass":true},{"assemblyName":"Unity.XR.Management","nameSpace":"UnityEngine.XR.Management","className":"XRGeneralSettings","methodName":"AttemptInitializeXRSDKOnLoad","loadTypes":2,"isUnityClass":true},{"assemblyName":"Unity.XR.Management","nameSpace":"UnityEngine.XR.Management","className":"XRGeneralSettings","methodName":"AttemptStartXRSDKOnBeforeSplashScreen","loadTypes":3,"isUnityClass":true},{"assemblyName":"Unity.XR.MetaOpenXR","nameSpace":"UnityEngine.XR.OpenXR.Features.Meta","className":"MetaOpenXRAnchorSubsystem/MetaOpenXRAnchorProvider","methodName":"RegisterDescriptor","loadTypes":4,"isUnityClass":true},{"assemblyName":"Unity.XR.MetaOpenXR","nameSpace":"UnityEngine.XR.OpenXR.Features.Meta","className":"MetaOpenXRCameraSubsystem","methodName":"RegisterDescriptor","loadTypes":4,"isUnityClass":true},{"assemblyName":"Unity.XR.MetaOpenXR","nameSpace":"UnityEngine.XR.OpenXR.Features.Meta","className":"MetaOpenXRPlaneSubsystem/MetaOpenXRPlaneProvider","methodName":"RegisterDescriptor","loadTypes":4,"isUnityClass":true},{"assemblyName":"Unity.XR.MetaOpenXR","nameSpace":"UnityEngine.XR.OpenXR.Features.Meta","className":"MetaOpenXRRaycastSubsystem","methodName":"RegisterDescriptor","loadTypes":4,"isUnityClass":true},{"assemblyName":"Unity.XR.MetaOpenXR","nameSpace":"UnityEngine.XR.OpenXR.Features.Meta","className":"MetaOpenXRSessionSubsystem","methodName":"RegisterDescriptor","loadTypes":4,"isUnityClass":true}]}
